date,close,volume,open,high,low
'2019/04/15',183.0700,14610190.0000,188.0600,188.1700,182.5600
'2019/04/12',188.9100,12561090.0000,187.7100,189.7900,187.1400
'2019/04/11',184.9800,8848863.0000,185.1500,186.0600,183.7500
'2019/04/10',186.1900,10650950.0000,186.6900,187.4000,184.0000
'2019/04/09',187.1900,11571350.0000,186.4900,187.8900,186.1600
'2019/04/08',186.5000,14715210.0000,184.1900,187.8200,184.0100
'2019/04/05',185.3500,18690730.0000,182.5100,185.5000,182.0000
'2019/04/04',181.0700,16988950.0000,177.0400,181.9600,176.8900
'2019/04/03',178.3200,26806500.0000,179.5100,180.7000,176.7600
'2019/04/02',181.7400,7802597.0000,181.4600,183.5627,180.9500
'2019/04/01',180.8900,12700610.0000,185.0900,185.5600,180.8900
'2019/03/29',182.4500,13839900.0000,180.7300,182.6000,179.0000
'2019/03/28',177.7300,7225447.0000,177.4700,178.5300,175.9700
'2019/03/27',177.0300,8363301.0000,177.7000,179.8300,176.9125
'2019/03/26',178.0800,7750467.0000,179.7000,180.6500,177.0950
'2019/03/25',178.7700,7489573.0000,174.3300,178.9000,174.1000
'2019/03/22',176.2600,11669970.0000,179.7700,180.4800,175.3362
'2019/03/21',181.5000,9726780.0000,178.9500,181.7300,178.5200
'2019/03/20',181.2800,15891540.0000,180.9400,181.9500,178.4300
'2019/03/19',182.1400,9750742.0000,181.6300,183.3600,180.8500
'2019/03/18',181.8300,7828454.0000,181.9300,182.8900,180.7600
'2019/03/15',180.9700,10815920.0000,180.6600,181.4500,179.6600
'2019/03/14',180.3600,9264161.0000,179.0600,180.8200,178.0100
'2019/03/13',180.7000,8733055.0000,180.7300,182.5350,179.2600
'2019/03/12',180.6300,8654447.0000,182.0400,182.1800,179.5100
'2019/03/11',180.4100,13742250.0000,177.8300,181.7200,177.5800
'2019/03/08',175.0300,14664220.0000,171.5650,175.3500,171.5650
'2019/03/07',177.3200,16464060.0000,180.9100,181.8000,176.7300
'2019/03/06',184.1700,10001170.0000,184.3800,185.5900,183.0200
'2019/03/05',185.0000,11494680.0000,186.9400,188.0800,185.0000
'2019/03/04',187.2500,14736020.0000,186.0000,187.3400,184.4600
'2019/03/01',183.8800,14284680.0000,185.0900,186.9000,183.3800
'2019/02/28',183.0300,12348160.0000,183.0100,184.3000,181.4700
'2019/02/27',184.5800,16727160.0000,181.7200,184.9300,180.8800
'2019/02/26',183.5400,13853070.0000,179.7900,184.3500,179.3700
'2019/02/25',183.2500,22759390.0000,181.2600,183.7200,180.7300
'2019/02/22',176.9200,16161830.0000,172.8000,177.0200,172.5200
'2019/02/21',171.6600,8419851.0000,171.0000,171.7800,169.8000
'2019/02/20',170.7100,12447060.0000,171.0000,172.6800,170.6100
'2019/02/19',170.1800,12968380.0000,166.9800,171.1500,166.5000
'2019/02/15',166.1500,11983190.0000,168.6100,168.7700,165.4100
'2019/02/14',168.3800,8710486.0000,167.6400,168.5000,166.6100
'2019/02/13',169.4000,8643489.0000,169.9100,171.0500,168.9900
'2019/02/12',168.7100,8577821.0000,169.6000,170.4900,168.6100
'2019/02/11',167.4500,7234323.0000,168.8500,170.3300,167.4500
'2019/02/08',167.3600,8325668.0000,163.8300,167.6500,163.7500
'2019/02/07',166.9600,11874190.0000,169.1600,169.6100,164.3360
'2019/02/06',171.5200,11263040.0000,171.8600,173.0900,169.9900
'2019/02/05',171.8300,12737790.0000,168.5500,171.9500,168.0000
'2019/02/04',166.7000,7373118.0000,166.3200,167.5500,165.6100
'2019/02/01',167.9700,10766660.0000,168.0000,169.4000,167.6300
'2019/01/31',168.4900,21195890.0000,167.8000,169.7300,165.7000
'2019/01/30',166.8200,36958510.0000,161.2900,167.8400,160.5000
'2019/01/29',156.8800,18302160.0000,159.0400,160.3746,155.9200
'2019/01/28',158.9200,10128660.0000,157.8000,159.6900,155.3000
'2019/01/25',159.2100,16434320.0000,158.9100,160.5000,157.4300
'2019/01/24',155.8600,10988430.0000,151.4700,156.0000,151.2100
'2019/01/23',152.0300,10188040.0000,154.6500,155.1800,150.9500
'2019/01/22',152.1500,21282320.0000,154.4000,155.4400,150.2069
'2019/01/18',157.0200,19142740.0000,158.4500,159.4900,154.7300
'2019/01/17',155.9700,16127240.0000,152.1100,158.5500,151.9000
'2019/01/16',154.8400,14780030.0000,152.8100,155.3900,151.5000
'2019/01/15',150.8800,14983900.0000,150.6800,154.1700,149.9643
'2019/01/14',149.2700,12911650.0000,148.5000,150.5700,146.5400
'2019/01/11',151.3200,9552933.0000,151.8300,153.3800,150.1401
'2019/01/10',151.6900,14211280.0000,149.8100,152.0300,148.8800
'2019/01/09',151.9200,20184060.0000,149.8900,153.3500,148.5000
'2019/01/08',146.7900,16422310.0000,145.0000,147.5500,142.0600
'2019/01/07',143.1000,17218390.0000,140.5500,144.0800,139.0100
'2019/01/04',139.7500,22813920.0000,134.2600,141.0800,133.6600
'2019/01/03',130.6000,19516320.0000,134.2700,134.8699,129.8300
'2019/01/02',136.7000,16589680.0000,134.1300,137.7488,133.0300
'2018/12/31',137.0700,11180730.0000,141.8300,142.0200,136.0400
'2018/12/28',139.0900,11950610.0000,139.2000,140.9800,136.7900
'2018/12/27',138.4500,11407510.0000,135.0500,138.4500,133.8900
'2018/12/26',138.0000,14452360.0000,132.8700,138.0200,130.1800
'2018/12/24',131.8900,11240720.0000,130.0000,134.5700,129.7700
'2018/12/21',132.0000,28757930.0000,137.0800,137.1900,130.2300
'2018/12/20',135.1100,23967630.0000,135.8300,137.7550,132.9100
'2018/12/19',137.1400,27614500.0000,141.0400,141.3250,135.7300
'2018/12/18',140.8200,17568170.0000,144.2800,144.7500,140.1100
'2018/12/17',143.9800,15726640.0000,146.5000,147.9400,142.2400
'2018/12/14',149.0000,15556480.0000,147.7100,150.7000,145.7200
'2018/12/13',151.4800,12203100.0000,153.0500,153.4600,150.5200
'2018/12/12',151.5000,16595780.0000,155.2400,156.1700,151.4300
'2018/12/11',151.8300,13614260.0000,155.2600,156.2400,150.9000
'2018/12/10',151.4300,15506430.0000,150.3900,152.8100,147.4800
'2018/12/07',153.0600,17438360.0000,155.4000,158.0500,151.7300
'2018/12/06',155.8300,25259980.0000,153.0000,155.8700,150.5100
'2018/12/04',158.3400,22154300.0000,164.8800,164.9800,156.4600
'2018/12/03',163.7400,31057810.0000,168.6400,168.8000,163.5100
'2018/11/30',160.8600,35042190.0000,157.9000,160.8600,156.7201
'2018/11/29',156.2800,20505610.0000,158.0800,159.0000,153.5400
'2018/11/28',159.3400,20743610.0000,159.0100,159.8000,155.2600
'2018/11/27',156.4600,17892140.0000,154.6400,157.9400,153.5802
'2018/11/26',156.0100,16106170.0000,153.2100,156.5300,152.3700
'2018/11/23',150.3300,7437479.0000,147.3000,151.1700,147.0000
'2018/11/21',149.4100,14707580.0000,149.0600,151.4800,148.6500
'2018/11/20',145.9800,19447780.0000,144.4800,148.0700,142.8200
'2018/11/19',149.5300,18053210.0000,152.0200,153.2100,148.7700
'2018/11/16',154.1000,19489910.0000,155.0400,155.8000,152.1423
'2018/11/15',156.2200,30029500.0000,152.9000,157.4000,150.8900
'2018/11/14',150.4400,21767580.0000,150.2100,152.1500,148.4400
'2018/11/13',146.9800,19544820.0000,144.8300,149.9400,143.9100
'2018/11/12',142.8200,16500820.0000,145.0100,146.4060,139.9700
'2018/11/09',144.8500,16209350.0000,145.5700,145.7200,142.4800
'2018/11/08',148.9900,17057390.0000,150.9900,151.8800,146.6900
'2018/11/07',152.5000,17860340.0000,150.7700,152.8000,148.9400
'2018/11/06',147.4400,17835420.0000,145.8700,149.9600,145.3250
'2018/11/05',144.6400,16177040.0000,146.2200,149.3700,144.2300
'2018/11/02',147.5900,45667320.0000,152.5600,154.3600,146.2800
'2018/11/01',151.2500,46943600.0000,144.9800,152.3175,138.6200
'2018/10/31',142.2800,23634410.0000,141.3500,142.6500,139.1400
'2018/10/30',136.3300,25165940.0000,132.2800,136.4000,130.0600
'2018/10/29',133.3800,35064320.0000,142.4200,144.0000,131.3600
'2018/10/26',142.8700,19466330.0000,139.0000,145.8293,138.5500
'2018/10/25',144.6000,13604120.0000,142.5000,144.9100,141.0100
'2018/10/24',139.6100,18295720.0000,145.1800,146.6900,139.3400
'2018/10/23',146.6500,19936740.0000,143.2200,147.5100,142.6200
'2018/10/22',148.8000,22560500.0000,148.9900,150.2000,146.1000
'2018/10/19',142.9300,14842970.0000,145.3400,146.7700,142.6100
'2018/10/18',142.0200,20591730.0000,145.8500,146.2800,140.8000
'2018/10/17',148.1400,16863550.0000,150.6800,150.6800,146.3700
'2018/10/16',149.6000,18337850.0000,145.7100,149.7600,145.2600
'2018/10/15',144.1600,18536160.0000,144.7700,145.6900,142.3000
'2018/10/12',147.2900,30724610.0000,148.6200,149.0000,144.5200
'2018/10/11',141.9000,43104960.0000,135.5300,142.9100,135.1400
'2018/10/10',138.2900,55541460.0000,142.5000,144.0000,137.9200
'2018/10/09',146.9400,31042160.0000,147.9700,150.5898,146.4700
'2018/10/08',151.1400,24792330.0000,150.2000,152.6357,148.3400
'2018/10/05',154.6300,20253600.0000,156.1400,157.1200,152.2500
'2018/10/04',156.1300,32145230.0000,160.0600,160.0800,153.8700
'2018/10/03',162.3700,13101040.0000,163.1500,164.5400,161.9300
'2018/10/02',160.2300,14713340.0000,159.7900,161.0278,158.2700
'2018/10/01',162.0000,10599540.0000,165.9200,165.9500,161.5600
'2018/09/28',164.7600,10480580.0000,164.9000,165.6600,163.3000
'2018/09/27',166.3200,12682550.0000,166.3900,167.0500,164.9200
'2018/09/26',165.4000,13570590.0000,165.5200,167.3900,164.8700
'2018/09/25',164.2500,9579768.0000,164.0500,165.4400,162.8300
'2018/09/24',163.1600,13113480.0000,162.8100,163.3990,160.1000
'2018/09/21',164.6300,21876600.0000,169.4600,169.8400,164.5000
'2018/09/20',165.8800,22803720.0000,166.8900,167.7000,164.7163
'2018/09/19',162.6300,23002870.0000,158.8200,163.1300,158.8200
'2018/09/18',156.6500,27218070.0000,156.8800,159.4000,155.5200
'2018/09/17',158.8900,20326940.0000,161.5000,161.6500,158.2886
'2018/09/14',164.7400,23403950.0000,167.8800,168.0000,163.3810
'2018/09/13',165.5300,25666870.0000,165.4100,167.2200,164.0100
'2018/09/12',161.4600,32454860.0000,158.2000,162.8200,156.1808
'2018/09/11',157.4600,25878870.0000,153.1800,158.4500,152.8500
'2018/09/10',156.3600,39062050.0000,158.5900,160.7200,155.0000
'2018/09/07',162.3700,19297860.0000,159.9500,164.6100,159.5095
'2018/09/06',159.8700,33018050.0000,164.1600,166.4800,158.6700
'2018/09/05',164.2300,35672700.0000,167.4800,168.2800,162.0300
'2018/09/04',170.4400,23187010.0000,173.5000,173.9500,169.0000
'2018/08/31',175.0100,13721350.0000,173.1100,176.6810,172.7600
'2018/08/30',174.6000,17063610.0000,177.3300,178.1000,174.1220
'2018/08/29',178.5000,11888560.0000,179.3500,179.6600,176.8300
'2018/08/28',178.1900,15300960.0000,182.1500,182.3800,177.5000
'2018/08/27',180.6500,23479060.0000,177.1000,180.8800,176.2200
'2018/08/24',174.2300,30414790.0000,175.0000,176.3700,172.4500
'2018/08/23',172.2300,78666520.0000,184.9700,186.5000,171.9100
'2018/08/22',177.8500,26992790.0000,178.1500,179.7400,175.5000
'2018/08/21',177.9200,20099570.0000,177.6300,179.6700,176.9700
'2018/08/20',176.2900,25699090.0000,175.2200,178.8600,174.3600
'2018/08/17',172.7800,24662250.0000,172.5200,174.2000,168.3800
'2018/08/16',171.9900,34241580.0000,172.3300,175.7000,171.5700
'2018/08/15',169.8300,41251300.0000,167.1100,169.8500,165.3900
'2018/08/14',172.5300,38485100.0000,175.1400,176.2000,170.7700
'2018/08/13',177.6800,14668290.0000,179.6500,180.6500,177.0000
'2018/08/10',180.0100,22030660.0000,175.5700,180.4500,174.7500
'2018/08/09',177.1900,35201440.0000,179.3100,180.6300,176.7600
'2018/08/08',177.5200,21130010.0000,180.0000,180.1800,176.5500
'2018/08/07',179.9200,20605320.0000,180.2900,183.0000,179.7400
'2018/08/06',178.6200,35399150.0000,180.7000,180.8600,177.4900
'2018/08/03',180.8400,18229350.0000,184.1500,184.5000,180.0800
'2018/08/02',182.6000,20950920.0000,181.5400,182.9000,179.7800
'2018/08/01',185.2700,14361340.0000,186.0000,189.0600,183.9600
'2018/07/31',187.2300,16947350.0000,186.4000,188.9480,183.9900
'2018/07/30',184.8200,19860040.0000,190.2200,190.5900,182.0600
'2018/07/27',189.4200,19906310.0000,196.1000,196.2700,186.9300
'2018/07/26',194.1800,13834250.0000,193.2100,196.1200,192.6200
'2018/07/25',197.9800,20655540.0000,190.6100,198.3500,190.1400
'2018/07/24',189.0000,18402470.0000,190.1900,193.0700,188.3500
'2018/07/23',187.0400,10970250.0000,187.1800,187.8100,184.8000
'2018/07/20',187.2500,12806710.0000,189.4900,189.5000,186.6100
'2018/07/19',187.3400,13352350.0000,188.6800,189.6800,186.8700
'2018/07/18',190.7900,10784720.0000,192.4500,193.2300,189.9100
'2018/07/17',192.6600,13251170.0000,188.6500,192.9500,187.9000
'2018/07/16',190.3500,12189870.0000,189.5700,191.3700,189.1500
'2018/07/13',190.0400,12549960.0000,191.6100,192.1200,189.3000
'2018/07/12',190.1700,17407670.0000,190.7700,192.5800,189.7900
'2018/07/11',187.4200,15914610.0000,188.6000,190.0500,187.4200
'2018/07/10',192.5500,12539250.0000,192.8900,195.1300,191.4800
'2018/07/09',192.7500,15432530.0000,194.4500,194.6900,190.8700
'2018/07/06',192.2700,17024230.0000,186.0100,192.4900,185.5400
'2018/07/05',186.8800,18369170.0000,187.1700,187.4400,182.9000
'2018/07/03',184.7500,11673700.0000,187.8800,188.5000,184.3600
'2018/07/02',186.3600,17314370.0000,181.6600,186.3600,181.0600
'2018/06/29',185.5300,26014690.0000,185.3600,188.9700,184.2600
'2018/06/28',188.3800,19537920.0000,183.2000,188.9600,182.0400
'2018/06/27',185.0200,23809980.0000,193.4600,193.6000,184.8900
'2018/06/26',191.4200,20712570.0000,193.3400,193.6600,188.4200
'2018/06/25',191.2500,32726440.0000,197.8500,198.1000,187.8600
'2018/06/22',202.0100,9611986.0000,203.3800,203.8000,200.2500
'2018/06/21',202.2100,13947760.0000,205.8400,206.0000,201.0400
'2018/06/20',206.2300,15537330.0000,205.0500,207.2300,205.0200
'2018/06/19',204.4300,24466630.0000,203.5300,204.5100,199.5000
'2018/06/18',208.5700,14601190.0000,205.1600,208.6000,203.8800
'2018/06/15',208.0000,28649140.0000,207.4900,210.0800,206.0100
'2018/06/14',210.8600,18804980.0000,207.7200,211.1200,207.5100
'2018/06/13',206.6200,13828360.0000,209.4400,209.6500,206.6000
'2018/06/12',209.0800,15874510.0000,206.9500,209.8000,206.9000
'2018/06/11',205.7000,12055360.0000,206.5000,207.6000,205.0100
'2018/06/08',205.0700,17507940.0000,201.1100,206.2300,200.4300
'2018/06/07',203.6200,26713120.0000,207.4600,209.0000,200.8800
'2018/06/06',208.3000,13754680.0000,209.8600,210.4600,207.2893
'2018/06/05',208.3700,17758760.0000,209.9500,211.7000,207.1300
'2018/06/04',208.9500,19342570.0000,205.1200,209.7500,204.7300
'2018/06/01',204.3400,23101880.0000,199.5000,204.9900,199.4500
'2018/05/31',198.0100,17973850.0000,198.0000,199.4800,196.8500
'2018/05/30',197.9800,13913250.0000,199.7000,200.5400,197.5000
'2018/05/29',198.0000,18498480.0000,197.9400,202.2800,197.0000
'2018/05/25',199.2000,21256660.0000,197.5700,201.5000,197.2100
'2018/05/24',197.3700,18496230.0000,198.1200,199.7200,195.6974
'2018/05/23',196.8000,12792440.0000,193.8800,196.9000,192.8011
'2018/05/22',195.8700,9691461.0000,198.3000,198.6274,195.7000
'2018/05/21',197.6400,13805010.0000,197.8000,199.7900,196.4000
'2018/05/18',195.0000,13764590.0000,196.4300,197.7800,194.7200
'2018/05/17',196.0200,13429630.0000,196.0000,198.4300,195.5700
'2018/05/16',198.1100,12871970.0000,196.7500,199.7500,196.3000
'2018/05/15',196.6100,12680450.0000,195.2300,196.7800,193.8600
'2018/05/14',198.6400,17605420.0000,195.9000,200.0000,195.8700
'2018/05/11',194.3600,12721840.0000,196.4000,196.4600,193.3800
'2018/05/10',195.9600,21271550.0000,196.3000,199.7700,195.1600
'2018/05/09',195.4300,13762480.0000,195.8400,197.3800,194.5000
'2018/05/08',196.3100,21844630.0000,194.2000,197.3400,193.0100
'2018/05/07',195.3500,29818790.0000,190.4100,196.6000,190.3000
'2018/05/04',188.8900,57745020.0000,180.4000,190.6000,178.6200
'2018/05/03',182.4500,26118910.0000,183.5000,183.5900,175.7700
'2018/05/02',181.4500,20593630.0000,180.8000,184.2640,180.1100
'2018/05/01',179.5000,10712730.0000,177.5800,180.3199,177.4400
'2018/04/30',178.5400,14627670.0000,178.0900,180.0400,177.0500
'2018/04/27',177.1600,15047700.0000,177.1100,178.2000,174.0100
'2018/04/26',173.9000,13334990.0000,173.2500,174.3600,172.0500
'2018/04/25',170.2200,17095350.0000,170.5200,171.3000,166.6400
'2018/04/24',173.0900,14555890.0000,177.6300,178.0000,170.6800
'2018/04/23',175.5700,12024000.0000,178.6300,179.3200,174.7100
'2018/04/20',179.1100,14464610.0000,179.3600,181.3900,177.5300
'2018/04/19',181.3900,11974980.0000,183.2600,183.6300,179.5200
'2018/04/18',182.6800,16937380.0000,178.9000,182.8800,177.6400
'2018/04/17',178.7000,16269960.0000,174.8300,179.3400,174.8300
'2018/04/16',174.7000,9852899.0000,172.0100,174.7900,171.0100
'2018/04/13',172.0400,13512220.0000,176.7200,176.8000,171.0700
'2018/04/12',175.9200,11108990.0000,175.9300,177.9000,174.5600
'2018/04/11',175.3600,10154830.0000,176.4800,178.1600,174.7400
'2018/04/10',177.1000,20546750.0000,175.1000,177.8800,173.8500
'2018/04/09',169.8700,14701160.0000,169.7500,172.7200,168.6100
'2018/04/06',167.5200,18187360.0000,169.8400,172.2700,166.4000
'2018/04/05',172.5700,18142960.0000,175.4800,176.5600,171.1700
'2018/04/04',172.0700,24542530.0000,166.8800,172.4099,166.1300
'2018/04/03',174.6700,19936030.0000,179.2600,179.5800,173.0000
'2018/04/02',177.6100,16009300.0000,182.8100,183.5100,175.7500
'2018/03/29',183.5400,16368940.0000,180.8800,185.1300,178.6200
'2018/03/28',178.9100,20047810.0000,180.7300,183.4400,177.5700
'2018/03/27',181.8900,16598970.0000,192.2400,192.2500,180.6600
'2018/03/26',190.5000,16744070.0000,187.8900,190.6200,184.3200
'2018/03/23',181.2000,18698590.0000,186.8500,188.4800,180.4010
'2018/03/22',184.6500,25307040.0000,190.7500,192.3900,184.6000
'2018/03/21',195.3000,12033510.0000,198.8000,198.8800,194.5700
'2018/03/20',198.9500,11930750.0000,194.9500,199.2100,194.5400
'2018/03/19',194.5300,19511150.0000,198.0000,198.4300,192.8010
'2018/03/16',200.2800,26932920.0000,198.4000,200.3800,197.2600
'2018/03/15',199.0600,33525850.0000,198.4400,201.5000,196.5200
'2018/03/14',192.5600,20019190.0000,190.2900,193.6300,190.2200
'2018/03/13',188.4100,14775890.0000,193.8800,194.2500,187.3900
'2018/03/12',192.7400,17811070.0000,192.3000,194.4000,190.9000
'2018/03/09',190.5500,14199320.0000,189.6400,190.7000,188.0100
'2018/03/08',187.1800,14320500.0000,189.0500,190.2300,186.5699
'2018/03/07',189.0500,13718270.0000,184.3700,189.0700,184.3200
'2018/03/06',187.3700,17638850.0000,185.1900,188.0100,184.8200
'2018/03/05',181.6000,15636200.0000,179.4100,181.9500,177.0700
'2018/03/02',179.7600,18884930.0000,178.0100,180.2300,175.4500
'2018/03/01',181.9900,17277910.0000,186.1800,187.4800,180.0500
'2018/02/28',186.1400,19131410.0000,187.2500,188.2400,185.0000
'2018/02/27',188.2600,22994700.0000,192.5900,193.5667,187.2100
'2018/02/26',194.1900,19444110.0000,194.4600,195.1500,190.6500
'2018/02/23',193.2900,16926210.0000,190.1800,193.4050,189.9500
'2018/02/22',188.7500,12269440.0000,190.2000,190.7400,187.7700
'2018/02/21',188.8200,22048070.0000,189.3700,193.1700,188.4600
'2018/02/20',187.1900,14842160.0000,183.6700,188.8300,183.0000
'2018/02/16',183.6800,16102610.0000,186.7500,188.2700,183.5400
'2018/02/15',187.4500,14352070.0000,189.2500,189.5600,184.4310
'2018/02/14',186.7600,21028000.0000,179.2200,186.9300,178.9002
'2018/02/13',179.2500,15473030.0000,177.4200,182.1500,177.0000
'2018/02/12',177.4400,18256850.0000,180.4400,180.7900,175.0861
'2018/02/09',176.6700,28034620.0000,175.1200,177.6164,168.8800
'2018/02/08',173.7000,31996320.0000,182.2700,183.1000,171.3900
'2018/02/07',180.3000,19633580.0000,183.5000,186.8300,180.3000
'2018/02/06',185.1700,35757700.0000,174.7200,185.5900,174.1700
'2018/02/05',180.5300,30955960.0000,183.7000,190.4699,179.9000
'2018/02/02',187.3100,32188350.0000,194.7900,195.6800,186.8000
'2018/02/01',192.2200,52506760.0000,192.7500,199.4900,191.1400
'2018/01/31',204.2900,26668400.0000,202.8200,206.2000,202.8000
'2018/01/30',199.6600,23343870.0000,198.6800,202.5400,196.4900
'2018/01/29',203.0100,21882900.0000,204.8300,205.6900,201.8200
'2018/01/26',205.2200,23707370.0000,200.3300,205.2300,199.2100
'2018/01/25',198.3300,23264200.0000,196.3400,199.5900,194.1001
'2018/01/24',195.5300,34481880.0000,194.7100,198.8600,192.4000
'2018/01/23',192.2800,31085160.0000,185.2800,192.4000,183.5400
'2018/01/22',184.0200,15983160.0000,184.9750,185.0400,181.6800
'2018/01/19',184.0500,13732300.0000,185.1500,185.2390,182.8000
'2018/01/18',184.4000,14158750.0000,184.2800,185.8450,182.6900
'2018/01/17',183.8300,21326040.0000,183.3000,184.8000,179.3200
'2018/01/16',182.4000,27401460.0000,190.4000,191.7400,181.7500
'2018/01/12',187.7900,11775870.0000,189.9100,190.2000,187.2500
'2018/01/11',188.7500,12390410.0000,189.7300,190.4300,188.1000
'2018/01/10',189.7900,17933960.0000,188.1000,190.3900,186.5800
'2018/01/09',190.8000,19483090.0000,191.1300,192.4900,188.0000
'2018/01/08',190.3300,16142360.0000,190.4600,191.6600,189.0700
'2018/01/05',190.7000,18143940.0000,187.1700,190.7500,186.3010
'2018/01/04',185.7100,19448620.0000,185.9000,187.7472,184.4300
'2018/01/03',184.0000,20106870.0000,185.1900,185.6350,181.4000
'2018/01/02',183.6500,29917780.0000,176.3990,184.1000,175.7000
'2017/12/29',172.4300,9690315.0000,172.2800,173.6700,171.2000
'2017/12/28',172.3000,9497180.0000,173.0400,173.5300,171.6700
'2017/12/27',172.9700,10138450.0000,172.2900,173.8700,171.7300
'2017/12/26',172.3300,12864270.0000,174.5500,175.1500,171.7300
'2017/12/22',176.2900,12520190.0000,175.8400,176.6600,175.0400
'2017/12/21',175.3200,14804920.0000,172.8000,176.2500,172.6508
'2017/12/20',172.6400,17103480.0000,171.7900,172.9000,170.8000
'2017/12/19',171.2800,23917700.0000,171.9700,173.0000,170.5100
'2017/12/18',173.3700,16996660.0000,174.6000,174.7000,172.3700
'2017/12/15',173.5500,41334200.0000,172.8900,173.5500,170.0000
'2017/12/14',171.7500,32798190.0000,173.1100,173.3900,169.6100
'2017/12/13',176.4700,18622660.0000,175.1900,177.7000,174.3000
'2017/12/12',174.6400,22620890.0000,178.0000,178.1600,173.7700
'2017/12/11',179.2900,15612400.0000,179.1900,180.6800,178.1500
'2017/12/08',177.6200,23531130.0000,177.7200,178.9600,176.3700
'2017/12/07',174.4700,15683080.0000,173.7600,175.8200,172.2600
'2017/12/06',172.6300,23787250.0000,168.3000,173.2300,167.8653
'2017/12/05',168.9600,31587150.0000,165.2800,172.9600,164.2500
'2017/12/04',169.5800,35867700.0000,177.2000,177.5800,168.2600
'2017/12/01',174.6100,26767270.0000,175.2700,179.8000,173.8000
'2017/11/30',177.0800,25806000.0000,179.5300,179.8000,176.3200
'2017/11/29',179.9100,40167810.0000,185.2500,185.4100,173.6200
'2017/11/28',186.6900,13321870.0000,188.8300,189.1000,186.5000
'2017/11/27',188.0300,14939040.0000,190.4900,191.4503,187.5500
'2017/11/24',191.1900,9887763.0000,189.3900,191.7000,188.7000
'2017/11/22',189.8400,14399670.0000,191.5400,191.7500,189.3700
'2017/11/21',190.9000,19598400.0000,190.3500,191.5600,188.8000
'2017/11/20',188.0000,25925840.0000,187.6000,190.0000,186.6110
'2017/11/17',185.1300,13415770.0000,185.9200,186.5000,184.6700
'2017/11/16',185.4300,18376040.0000,183.3100,186.2700,183.1200
'2017/11/15',181.4800,16524530.0000,179.3700,181.8800,176.7356
'2017/11/14',181.7900,14445780.0000,184.3000,184.3800,181.1500
'2017/11/13',184.5400,17164020.0000,186.7700,187.8800,184.0000
'2017/11/10',186.4100,14987690.0000,187.0300,187.1700,185.4000
'2017/11/09',185.1300,19705730.0000,184.2100,185.1300,181.0500
'2017/11/08',185.9000,13931400.0000,187.9800,188.1500,185.1000
'2017/11/07',188.5100,17747070.0000,189.5800,189.8600,187.0000
'2017/11/06',187.8400,19834840.0000,184.0700,188.2500,184.0000
'2017/11/03',183.2100,19670240.0000,186.5100,186.9300,182.0600
'2017/11/02',184.8100,41199480.0000,190.9900,191.2200,183.3100
'2017/11/01',186.0800,28214690.0000,187.8800,188.8800,183.5800
'2017/10/31',184.8900,21180680.0000,183.5700,185.1200,181.8110
'2017/10/30',181.5800,20187930.0000,178.4300,181.9000,177.5900
'2017/10/27',176.1500,19674110.0000,173.1900,177.0000,171.1100
'2017/10/26',170.3200,13422500.0000,170.6200,171.4500,168.5800
'2017/10/25',170.2200,18091890.0000,174.6900,175.4400,169.3000
'2017/10/24',173.7000,11911310.0000,174.0000,175.9800,173.2600
'2017/10/23',173.1300,17588820.0000,177.8000,178.0098,173.0500
'2017/10/20',177.3200,11939510.0000,179.0200,179.5200,177.0800
'2017/10/19',177.9300,13447490.0000,177.0010,179.6100,175.4500
'2017/10/18',179.6100,21745600.0000,177.0900,180.0000,176.2800
'2017/10/17',175.3200,20104080.0000,179.5800,180.1200,175.3000
'2017/10/16',179.5600,12839030.0000,180.0000,180.0500,178.5100
'2017/10/13',178.4500,18098990.0000,180.9600,181.4000,177.9700
'2017/10/12',180.5300,15426700.0000,184.0400,184.3900,180.3478
'2017/10/11',184.6900,11944840.0000,183.0000,184.7000,182.6005
'2017/10/10',183.1200,13182770.0000,181.6500,184.4600,181.3600
'2017/10/09',182.0900,14992900.0000,178.9700,183.1322,178.7500
'2017/10/06',179.2000,8732723.0000,177.8500,179.8700,177.6100
'2017/10/05',178.8900,11879930.0000,179.0000,179.7300,176.0300
'2017/10/04',178.7100,11413220.0000,178.0600,180.0000,177.3000
'2017/10/03',178.5600,15145420.0000,176.0600,178.7800,173.6100
'2017/10/02',173.6100,12551290.0000,174.5700,175.1300,172.5700
'2017/09/29',172.7100,13382620.0000,171.1100,173.5400,170.7400
'2017/09/28',170.2400,13944110.0000,170.9100,171.8800,169.5667
'2017/09/27',170.9900,19401440.0000,169.8400,171.9500,169.4500
'2017/09/26',167.0200,23665000.0000,170.0100,171.9000,166.7900
'2017/09/25',169.5900,33999860.0000,176.4800,177.0000,167.5000
'2017/09/22',178.1400,12736970.0000,176.2000,178.4200,175.6800
'2017/09/21',177.3900,14568150.0000,178.0500,178.8611,175.3000
'2017/09/20',177.9500,15379730.0000,180.0200,180.5000,176.1510
'2017/09/19',180.0700,14735480.0000,180.6900,180.8700,179.2500
'2017/09/18',179.9800,22587620.0000,178.8900,180.2900,177.7500
'2017/09/15',176.7000,26554710.0000,177.9000,179.7500,176.7000
'2017/09/14',177.1000,22763010.0000,177.5400,179.9300,176.0200
'2017/09/13',178.9700,21960190.0000,175.7500,179.1000,175.5600
'2017/09/12',175.3100,15606930.0000,174.8900,175.6200,173.3700
'2017/09/11',174.0600,18224880.0000,171.5000,174.2000,171.5000
'2017/09/08',169.0000,12337480.0000,169.9900,171.2200,168.9200
'2017/09/07',170.4800,15061590.0000,169.2600,170.9700,168.0000
'2017/09/06',168.1400,19956480.0000,170.1700,171.1100,167.0000
'2017/09/05',169.9200,14956400.0000,169.4700,171.9300,168.7378
'2017/09/01',171.0400,11155170.0000,171.9900,172.3863,170.6500
'2017/08/31',171.7400,16471180.0000,172.5400,172.9000,170.2500
'2017/08/30',171.2500,17736920.0000,169.1500,172.3900,169.1500
'2017/08/29',167.4100,19560760.0000,165.1500,169.2300,164.3500
'2017/08/28',168.3000,24395950.0000,171.1500,171.3400,167.0600
'2017/08/25',171.7400,24132130.0000,174.8000,174.9400,171.1100
'2017/08/24',175.0000,20757320.0000,177.0000,177.0000,174.3000
'2017/08/23',175.8000,21907920.0000,172.9000,176.2300,172.7500
'2017/08/22',174.4600,24427590.0000,170.0200,174.7700,169.6400
'2017/08/21',169.2500,22317510.0000,168.2900,170.6000,166.9800
'2017/08/18',167.5000,31463720.0000,165.3600,169.5000,164.1000
'2017/08/17',163.9200,56786950.0000,166.1200,168.0000,163.5100
'2017/08/16',159.5000,21192550.0000,160.0000,160.3500,158.5350
'2017/08/15',157.7500,18606600.0000,155.7400,158.3200,154.0000
'2017/08/14',154.6100,14567530.0000,154.7700,155.0800,153.1000
'2017/08/11',151.7000,22296070.0000,150.5100,152.5700,147.5000
'2017/08/10',151.7700,18931260.0000,156.2000,156.5000,151.2500
'2017/08/09',157.4900,10994800.0000,156.0500,157.7100,155.2000
'2017/08/08',157.5000,15413790.0000,158.5600,159.8400,156.8000
'2017/08/07',158.8400,15873550.0000,154.8300,158.9900,154.3700
'2017/08/04',153.3300,10023700.0000,154.3200,154.3200,152.1600
'2017/08/03',153.3200,12412750.0000,152.1000,153.8000,149.6000
'2017/08/02',151.9100,19494160.0000,155.4700,155.7500,149.1000
'2017/08/01',154.7300,11976760.0000,156.2500,156.6100,153.8000
'2017/07/31',154.9500,17750860.0000,158.9000,159.3900,153.5000
'2017/07/28',157.5600,14438300.0000,153.9600,158.9600,152.8200
'2017/07/27',154.1500,26027590.0000,157.8500,160.3900,151.3300
'2017/07/26',155.7900,14425820.0000,152.5300,156.0000,152.3600
'2017/07/25',152.4400,8447232.0000,152.3600,152.7500,150.8500
'2017/07/24',152.2600,10630370.0000,152.7700,153.2300,151.6000
'2017/07/21',151.8900,11441250.0000,151.7900,152.1500,150.3100
'2017/07/20',152.1100,16606860.0000,153.9600,154.1200,151.8400
'2017/07/19',153.1500,16776380.0000,155.1400,156.4100,152.6400
'2017/07/18',153.7500,15292620.0000,151.0800,154.6000,150.4800
'2017/07/17',151.2300,15317140.0000,153.5300,153.7000,150.4200
'2017/07/14',151.8300,11459670.0000,150.1200,152.2500,149.6900
'2017/07/13',149.5200,11672540.0000,149.5200,150.0000,148.0000
'2017/07/12',149.0000,14940130.0000,147.3800,149.3000,146.8500
'2017/07/11',145.8100,13507130.0000,144.2900,145.8700,143.2600
'2017/07/10',143.8100,10334210.0000,143.0000,144.1600,142.2500
'2017/07/07',142.4300,8034802.0000,142.6500,143.3785,141.8310
'2017/07/06',142.2000,11918460.0000,143.0100,143.6200,141.8300
'2017/07/05',144.8700,16969000.0000,141.1600,145.0000,140.3300
'2017/07/03',140.9900,6975712.0000,141.7500,142.4900,139.4950
'2017/06/30',140.9000,12267040.0000,141.0300,142.3800,139.9200
'2017/06/29',140.8100,24112460.0000,143.1600,143.5600,137.5200
'2017/06/28',143.9500,17738130.0000,142.6500,144.3700,141.4800
'2017/06/27',141.5300,17357530.0000,143.9000,144.3800,141.1000
'2017/06/26',142.7300,17820360.0000,144.0300,145.3600,141.2700
'2017/06/23',143.0100,11748910.0000,142.1000,143.3400,141.6000
'2017/06/22',142.2700,21880720.0000,142.0500,144.6800,140.8800
'2017/06/21',143.2900,30893320.0000,138.8200,143.5000,138.0200
'2017/06/20',138.3800,19974660.0000,140.0800,140.6300,137.9300
'2017/06/19',139.4700,24921200.0000,137.8100,140.4000,137.4000
'2017/06/16',134.8700,36327490.0000,136.2800,136.5000,133.5500
'2017/06/15',135.0800,30498630.0000,135.6400,135.6700,133.1000
'2017/06/14',136.6700,32828070.0000,137.8000,139.2500,135.2600
'2017/06/13',136.6000,40858290.0000,141.8800,142.2440,135.9000
'2017/06/12',139.0800,32160830.0000,139.1700,142.2000,136.0500
'2017/06/09',139.4400,54344790.0000,144.5700,148.2900,137.0100
'2017/06/08',142.3400,81317190.0000,142.5100,143.7000,135.2100
'2017/06/07',125.6400,9429288.0000,125.0800,125.9100,124.1100
'2017/06/06',124.6200,9249509.0000,125.6100,126.2000,124.2700
'2017/06/05',125.3700,10027960.0000,124.0200,125.5600,123.8700
'2017/06/02',124.1300,7341037.0000,123.7200,124.5300,123.2400
'2017/06/01',123.9700,8894392.0000,122.8200,124.0000,122.2600
'2017/05/31',122.4600,11580420.0000,123.6400,124.1753,122.0000
'2017/05/30',123.9100,8335992.0000,124.0800,124.8800,123.5300
'2017/05/26',123.9900,7555771.0000,123.9300,124.6500,123.1000
'2017/05/25',123.6300,12478840.0000,123.7400,124.4500,122.3100
'2017/05/24',122.8100,8370763.0000,123.0700,123.6840,121.9500
'2017/05/23',122.9300,14353420.0000,124.6700,125.6750,122.8500
'2017/05/22',124.7500,13479320.0000,124.9800,125.5900,123.5550
'2017/05/19',123.2200,21049110.0000,123.9600,126.4000,123.0700
'2017/05/18',121.2700,37098420.0000,116.3100,122.6300,114.0000
'2017/05/17',120.7200,19770550.0000,123.2500,123.8900,120.5000
'2017/05/16',124.0200,18143610.0000,121.9800,124.3400,121.7400
'2017/05/15',121.4000,11112300.0000,121.0300,121.4900,120.0310
'2017/05/12',120.3400,9814886.0000,120.3700,120.4677,119.5100
'2017/05/11',120.1600,11347940.0000,120.1300,120.5000,118.2500
'2017/05/10',119.9800,9338224.0000,120.0100,120.3300,119.1000
'2017/05/09',120.0000,15194460.0000,118.6200,120.0000,118.0700
'2017/05/08',116.8600,6460771.0000,116.9000,117.5100,116.2000
'2017/05/05',116.0400,7088097.0000,116.0500,116.1500,114.8000
'2017/05/04',115.8600,6977683.0000,115.9400,116.4100,115.1500
'2017/05/03',116.5700,10587910.0000,117.9500,118.0000,115.1200
'2017/05/02',118.0900,10032340.0000,117.0700,118.6900,117.0000
'2017/05/01',116.6800,7312691.0000,115.6300,117.2400,115.5000
'2017/04/28',115.5000,6981258.0000,115.9000,115.9900,115.0000
'2017/04/27',115.4300,9435857.0000,115.0000,115.9600,114.8300
'2017/04/26',114.9700,6674081.0000,115.3700,115.7500,114.6223
'2017/04/25',115.4800,11332290.0000,115.5400,115.8200,114.8000
'2017/04/24',114.8600,13417020.0000,114.0400,115.1600,114.0200
'2017/04/21',113.1100,8960952.0000,112.8000,113.1700,112.3000
'2017/04/20',112.9600,13771690.0000,111.5300,113.6000,111.4800
'2017/04/19',110.7600,9595884.0000,111.9900,112.2000,110.5700
'2017/04/18',111.2300,8297300.0000,111.2000,112.2000,110.8674
'2017/04/17',111.7600,7111117.0000,110.9100,111.8700,110.3000
'2017/04/13',110.2100,6854470.0000,110.7200,111.4500,109.8200
'2017/04/12',110.6300,8097064.0000,110.5000,111.7000,110.3100
'2017/04/11',110.4400,10010850.0000,111.4000,111.7900,109.4600
'2017/04/10',111.7000,14796220.0000,109.0000,111.8800,108.8400
'2017/04/07',108.9900,8341495.0000,107.8800,109.0700,106.7600
'2017/04/06',108.0400,5201954.0000,107.5900,108.4200,107.1500
'2017/04/05',107.4400,8187964.0000,108.3600,108.8200,107.3200
'2017/04/04',107.5200,6477898.0000,107.8700,108.2600,106.8800
'2017/04/03',108.0900,7783911.0000,108.8500,109.4700,107.5200
'2017/03/31',107.8300,8994726.0000,108.5000,109.1186,107.7800
'2017/03/30',108.8500,10587160.0000,109.7290,110.4500,108.6600
'2017/03/29',109.5100,8784547.0000,107.9700,109.7400,107.6900
'2017/03/28',107.8000,6467098.0000,108.2300,108.9500,107.4601
'2017/03/27',108.0800,7699358.0000,106.6500,108.1900,106.5100
'2017/03/24',108.0400,7572922.0000,108.4000,109.1300,107.2300
'2017/03/23',108.2500,13398120.0000,106.9500,108.8300,106.4400
'2017/03/22',106.0900,7144945.0000,104.6400,106.1200,103.9800
'2017/03/21',105.0900,13868960.0000,108.4600,108.7000,104.7000
'2017/03/20',107.2500,12447930.0000,106.2300,108.2000,105.9400
'2017/03/17',105.6100,8760765.0000,105.1700,106.5000,104.8600
'2017/03/16',105.6300,12313540.0000,105.2500,105.6500,104.3010
'2017/03/15',103.6900,11670640.0000,104.3700,104.4900,102.6000
'2017/03/14',104.2500,7746539.0000,104.6100,106.0000,103.8221
'2017/03/13',105.1800,16103740.0000,103.5200,106.2500,103.4700
'2017/03/10',103.3900,4113497.0000,103.4300,103.7000,102.6300
'2017/03/09',103.2400,4521801.0000,102.9700,103.7500,102.7600
'2017/03/08',103.2200,7064946.0000,102.6300,104.2900,102.5400
'2017/03/07',102.6300,4980492.0000,102.3000,103.3078,102.1100
'2017/03/06',102.3100,6271374.0000,102.7600,103.2500,102.1000
'2017/03/03',103.3100,6313293.0000,102.9900,103.4200,102.4400
'2017/03/02',103.1900,7970738.0000,103.8000,104.5800,102.7700
'2017/03/01',104.0400,10324960.0000,103.6800,104.9900,103.2100
'2017/02/28',102.9000,8007397.0000,103.8900,103.9900,102.0300
'2017/02/27',103.6000,6860807.0000,102.5000,103.8250,102.2201
'2017/02/24',102.9500,7356362.0000,101.3900,103.0000,101.3000
'2017/02/23',102.4600,10088960.0000,104.7200,104.8600,101.8200
'2017/02/22',104.2000,15772600.0000,102.4800,105.2000,102.4200
'2017/02/21',102.1200,8179989.0000,101.0300,102.5400,100.9100
'2017/02/17',100.5200,8237860.0000,100.6900,101.7300,100.3000
'2017/02/16',100.8200,7457191.0000,101.8600,102.1000,100.5000
'2017/02/15',101.5500,12379520.0000,102.0600,102.1300,100.1100
'2017/02/14',101.5900,10229280.0000,103.1400,103.6000,100.8960
'2017/02/13',103.1000,9722892.0000,102.8200,104.4400,102.6200
'2017/02/10',102.3600,7675084.0000,103.8800,103.9400,102.3100
'2017/02/09',103.3400,8421821.0000,103.3250,104.1800,102.5600
'2017/02/08',103.5700,10169200.0000,101.5500,103.9900,101.1600
'2017/02/07',100.8300,5647856.0000,101.0400,101.6000,100.5000
'2017/02/06',100.9000,6784375.0000,100.1700,101.7060,100.0200
'2017/02/03',100.3900,6184364.0000,101.5000,101.5600,100.3000
'2017/02/02',100.8400,5363044.0000,101.2800,101.4700,100.5600
'2017/02/01',101.5700,5726905.0000,102.0700,102.3800,100.8700
'2017/01/31',101.3100,7522294.0000,100.2400,102.0900,100.0600
'2017/01/30',101.0200,8611044.0000,101.2000,101.4600,100.0900
'2017/01/27',102.0700,8028976.0000,102.2500,102.7000,101.2900
'2017/01/26',102.7500,12500030.0000,103.9200,104.5700,102.1700
'2017/01/25',104.0600,23306790.0000,102.4600,104.2700,101.9000
'2017/01/24',101.4300,37142250.0000,103.1500,103.1900,99.9400
'2017/01/23',98.4100,13997100.0000,96.4800,98.6700,96.2600
'2017/01/20',96.0600,9652714.0000,96.4500,97.1500,95.6707
'2017/01/19',96.1700,7085970.0000,96.4200,96.7000,95.5800
'2017/01/18',96.0000,6587018.0000,96.2700,96.2700,95.2600
'2017/01/17',96.1200,6340299.0000,96.3200,96.5900,95.0000
'2017/01/13',96.2700,10687930.0000,95.9500,97.3800,95.7600
'2017/01/12',95.9000,8412007.0000,96.8500,96.8500,94.8000
'2017/01/11',96.9400,8723400.0000,96.9200,97.4500,95.6000
'2017/01/10',96.7500,14759640.0000,96.4000,97.9040,95.5500
'2017/01/09',94.7200,10817620.0000,94.1600,95.6500,93.3100
'2017/01/06',93.8900,7597513.0000,94.4000,94.5000,93.0000
'2017/01/05',94.3700,16787830.0000,91.9100,94.8100,91.6400
'2017/01/04',90.5100,11462690.0000,88.9850,90.8900,88.5800
'2017/01/03',88.6000,8786988.0000,89.0000,89.0000,88.0800
'2016/12/30',87.8100,7208711.0000,87.5700,88.1000,87.2000
'2016/12/29',87.3300,5465067.0000,87.8200,88.2000,87.1600
'2016/12/28',87.3700,6413099.0000,88.3000,88.7500,87.2200
'2016/12/27',87.5400,5215202.0000,86.7200,87.9400,86.7100
'2016/12/23',86.7900,6358390.0000,86.6200,87.6800,86.6200
'2016/12/22',86.8000,14368590.0000,87.8900,88.2600,86.0100
'2016/12/21',89.2500,9021352.0000,89.9600,90.4300,89.2500
'2016/12/20',89.8400,8424608.0000,89.1900,90.3100,88.9400
'2016/12/19',88.9300,10206940.0000,88.6100,89.8200,88.4100
'2016/12/16',88.6700,11322450.0000,89.0000,90.1000,88.5600
'2016/12/15',88.8500,19170560.0000,90.0000,90.6000,88.7400
'2016/12/14',91.1900,9148677.0000,91.8300,92.2600,90.8300
'2016/12/13',92.1600,10450390.0000,92.8000,93.7300,91.8700
'2016/12/12',92.4700,9347017.0000,92.0500,92.8900,91.7000
'2016/12/09',93.2800,9162923.0000,92.5100,93.6400,92.2800
'2016/12/08',92.3100,10907560.0000,91.8000,93.0800,91.0300
'2016/12/07',91.0700,13218170.0000,90.5200,91.6500,89.5000
'2016/12/06',90.4000,7772578.0000,91.5600,91.9300,89.9600
'2016/12/05',90.9900,8862879.0000,90.0500,91.4000,89.5700
'2016/12/02',90.4800,11711150.0000,90.3800,91.7400,89.9500
'2016/12/01',89.8600,24008200.0000,94.0000,94.0550,89.1800
'2016/11/30',94.0200,11415540.0000,95.2800,95.4800,93.3000
'2016/11/29',94.9900,14128660.0000,93.6700,96.0550,93.3900
'2016/11/28',93.7600,14287080.0000,93.0200,95.7411,93.0000
'2016/11/25',93.0100,4868511.0000,93.5500,93.7500,92.7700
'2016/11/23',93.0300,11736610.0000,92.5300,93.4000,91.4500
'2016/11/22',93.2100,10396530.0000,94.2400,94.4200,93.1600
'2016/11/21',93.4100,8926920.0000,94.0500,94.6600,93.0000
'2016/11/18',93.3900,9729471.0000,94.8500,95.3000,92.6700
'2016/11/17',94.0700,10375260.0000,94.7100,94.9800,93.6400
'2016/11/16',92.8600,13047920.0000,91.3900,93.6800,91.3300
'2016/11/15',91.0000,16700650.0000,91.0000,93.4900,90.7500
'2016/11/14',89.7700,27341470.0000,92.4510,92.5400,87.8800
'2016/11/11',92.9900,23694700.0000,93.8600,94.0900,91.1000
'2016/11/10',94.3400,27298660.0000,98.3400,98.5000,92.2200
'2016/11/09',96.6700,20912660.0000,97.3800,98.5800,95.8000
'2016/11/08',99.8500,8065331.0000,99.3900,99.9900,98.3600
'2016/11/07',99.3500,11184020.0000,100.0700,100.6200,99.1600
'2016/11/04',97.5700,9038406.0000,96.9000,98.7900,96.6700
'2016/11/03',97.7500,15580000.0000,98.0400,99.3000,96.4600
'2016/11/02',98.5100,36965870.0000,103.8500,104.1000,97.3000
'2016/11/01',101.1500,21226050.0000,100.4300,101.2400,99.2100
'2016/10/31',101.6900,15833790.0000,102.6500,103.2100,101.4200
'2016/10/28',101.9300,8352163.0000,102.3500,103.0500,101.5500
'2016/10/27',102.3800,8793405.0000,103.3800,104.1100,101.8500
'2016/10/26',102.7800,7570229.0000,103.6800,104.0000,102.7000
'2016/10/25',104.2200,8961856.0000,104.8600,105.2002,104.0200
'2016/10/24',104.5000,10878840.0000,104.9800,105.3000,103.5500
'2016/10/21',103.9400,7356226.0000,103.7000,103.9400,102.7500
'2016/10/20',103.8500,7087015.0000,104.2000,104.7400,103.5700
'2016/10/19',103.9300,8931290.0000,104.3300,104.8000,103.6500
'2016/10/18',103.3400,11082800.0000,104.4700,104.9900,103.3100
'2016/10/17',102.8400,10349520.0000,101.5000,103.4700,101.2700
'2016/10/14',101.8500,12779630.0000,104.2700,104.7000,101.0300
'2016/10/13',102.1500,22377940.0000,102.0600,102.5500,99.0000
'2016/10/12',103.6200,17735580.0000,105.0500,105.1100,101.8200
'2016/10/11',105.2300,14676610.0000,107.8900,107.9700,104.7500
'2016/10/10',108.4100,11505440.0000,106.7900,109.0000,106.5600
'2016/10/07',106.0000,8948099.0000,106.8900,107.5500,105.5600
'2016/10/06',107.0800,9879871.0000,107.3000,107.5100,106.1850
'2016/10/05',106.9600,13154000.0000,105.8700,107.4500,105.6600
'2016/10/04',105.4500,11065380.0000,105.9300,106.2300,105.0500
'2016/10/03',105.3800,10842050.0000,105.4500,106.2900,104.9800
'2016/09/30',105.7900,15566160.0000,106.5000,107.1000,105.7900
'2016/09/29',105.5500,30216610.0000,106.5100,106.6900,104.5700
'2016/09/28',108.7500,16287430.0000,108.4400,109.8700,107.1600
'2016/09/27',108.2600,17497870.0000,106.5200,108.4900,106.3700
'2016/09/26',105.8900,16792750.0000,106.5200,107.0600,105.3000
'2016/09/23',107.7100,23078980.0000,108.2500,108.4000,106.7100
'2016/09/22',109.3600,35615500.0000,107.5700,109.7600,107.4800
'2016/09/21',106.0000,22985350.0000,102.4600,106.1900,102.2100
'2016/09/20',101.4500,12848790.0000,102.9400,103.7300,100.9300
'2016/09/19',103.0300,15220320.0000,105.1600,105.5000,102.1950
'2016/09/16',104.6400,20361380.0000,104.0000,105.3900,103.8600
'2016/09/15',104.4500,20830280.0000,102.6200,104.4800,102.5300
'2016/09/14',102.4000,19593000.0000,100.0800,102.5900,100.0200
'2016/09/13',100.2800,19992510.0000,100.3800,101.4900,98.8400
'2016/09/12',100.8000,17305320.0000,97.3800,101.3800,97.0000
'2016/09/09',99.6200,21234170.0000,101.8000,102.2100,99.0500
'2016/09/08',102.5700,15474890.0000,101.9300,103.7800,101.6300
'2016/09/07',102.3200,15732340.0000,103.8400,104.0000,102.2600
'2016/09/06',103.7800,32771500.0000,100.4500,104.3000,100.4500
'2016/09/02',99.2500,17469950.0000,97.9700,99.6650,97.9700
'2016/09/01',97.4200,13366910.0000,97.3000,98.0000,97.0100
'2016/08/31',97.1900,28600450.0000,96.1400,97.2000,96.0100
'2016/08/30',96.0000,13983900.0000,95.3500,96.6800,95.1700
'2016/08/29',94.8800,8812224.0000,94.6000,95.1600,94.2100
'2016/08/26',95.0600,14118550.0000,94.1500,95.4500,94.0800
'2016/08/25',93.9400,13027180.0000,93.7500,94.6900,93.1200
'2016/08/24',93.8800,12702060.0000,95.6800,96.3000,93.5600
'2016/08/23',95.7900,9638938.0000,95.5900,96.4800,95.4100
'2016/08/22',95.6500,16218810.0000,96.4700,96.6300,94.7500
'2016/08/19',96.8600,14263640.0000,96.9100,97.2400,96.3400
'2016/08/18',97.0000,15006470.0000,97.2500,97.9400,96.6200
'2016/08/17',97.0000,14973660.0000,96.1700,97.2500,96.0500
'2016/08/16',96.6600,27486390.0000,96.1500,97.1500,95.0500
'2016/08/15',97.1700,33792570.0000,98.2800,98.8600,96.8200
'2016/08/12',98.2500,71918830.0000,92.9800,98.3500,92.9100
'2016/08/11',91.7700,54147300.0000,92.1400,92.8000,91.2600
'2016/08/10',87.3300,28135330.0000,86.0100,87.7300,86.0100
'2016/08/09',85.2400,15375290.0000,85.0500,85.6300,84.8000
'2016/08/08',85.0000,11514040.0000,84.9900,85.0200,84.3000
'2016/08/05',84.5900,9389329.0000,85.0100,85.0800,84.4400
'2016/08/04',84.7500,10720530.0000,83.7500,84.9800,83.6900
'2016/08/03',83.6700,5363701.0000,83.3000,83.8400,83.1700
'2016/08/02',83.8000,7682308.0000,84.3400,84.3400,82.9100
'2016/08/01',84.3400,13313720.0000,82.7900,84.8000,82.5900
'2016/07/29',82.4800,8707325.0000,83.3700,83.4200,81.9450
'2016/07/28',83.1200,7465956.0000,83.4600,83.4900,82.1201
'2016/07/27',83.1000,11603940.0000,83.6000,83.6400,83.0000
'2016/07/26',83.5900,7708331.0000,82.8600,83.6300,82.6300
'2016/07/25',83.1900,13182970.0000,84.4700,84.7900,82.6100
'2016/07/22',84.4900,5987680.0000,84.0000,84.5000,83.8100
'2016/07/21',84.1800,10176750.0000,84.7100,85.0000,83.6600
'2016/07/20',84.4200,13980800.0000,83.2700,84.7000,83.2300
'2016/07/19',82.7700,9792308.0000,82.4800,83.6900,82.0500
'2016/07/18',82.6500,12107370.0000,80.6000,82.7900,80.6000
'2016/07/15',81.2500,8915419.0000,81.7800,82.4900,80.9650
'2016/07/14',81.7400,9356488.0000,81.1800,82.2400,80.8600
'2016/07/13',80.5700,10727800.0000,81.8300,81.8800,80.3700
'2016/07/12',81.7400,15265190.0000,81.7900,82.8800,81.5100
'2016/07/11',81.4600,17367400.0000,79.3300,81.9000,79.2400
'2016/07/08',78.9900,14011640.0000,78.4400,79.3500,77.8000
'2016/07/07',79.3500,6808656.0000,79.0000,79.4899,78.7100
'2016/07/06',78.6400,7737637.0000,78.4700,78.8200,77.6800
'2016/07/05',78.9700,6837814.0000,79.0400,79.5500,78.3700
'2016/07/01',79.6500,7264578.0000,79.1200,80.0500,79.1200
'2016/06/30',79.5300,12483880.0000,78.3100,79.7600,78.2800
'2016/06/29',78.0400,11449960.0000,76.9800,78.4800,76.9000
'2016/06/28',76.2800,11238520.0000,75.5000,76.6000,75.5000
'2016/06/27',74.2300,15203760.0000,75.8000,76.2900,73.3000
'2016/06/24',76.2900,18148590.0000,76.8300,77.5000,75.4300
'2016/06/23',79.1400,8258057.0000,79.1600,79.4600,78.5500
'2016/06/22',78.7300,8160558.0000,79.0400,79.1200,78.2100
'2016/06/21',78.6200,8865212.0000,78.7500,79.0800,78.4000
'2016/06/20',78.1500,9603659.0000,77.9000,78.7899,77.8400
'2016/06/17',77.0000,15547790.0000,78.4500,78.4500,76.4800
'2016/06/16',78.2700,13551820.0000,77.8400,78.4000,76.2000
'2016/06/15',78.3900,14720240.0000,78.3100,78.7686,77.5100
'2016/06/14',77.7700,22349320.0000,76.8900,78.4500,76.7500
'2016/06/13',75.4500,11289770.0000,75.2500,76.4550,74.8500
'2016/06/10',75.9200,10419660.0000,76.4300,77.0500,75.7600
'2016/06/09',77.5600,8991859.0000,77.3900,78.0700,76.7800
'2016/06/08',77.6400,11603380.0000,78.0000,78.5300,77.3750
'2016/06/07',77.8400,12876640.0000,78.1900,78.3700,77.3200
'2016/06/06',78.0600,19155500.0000,77.1100,78.3300,76.7000
'2016/06/03',76.6200,23675020.0000,77.2400,77.8000,75.7100
'2016/06/02',77.3000,45371220.0000,76.6500,77.7500,76.5600
'2016/06/01',76.6900,62462540.0000,79.1500,80.1400,76.5500
'2016/05/31',82.0000,77980590.0000,81.0000,82.0300,80.2000
'2016/05/27',80.9700,24544870.0000,78.4900,81.0000,78.3900
'2016/05/26',78.3500,26930700.0000,76.9900,78.8650,76.8000
'2016/05/25',75.5900,49605940.0000,78.5300,79.2000,74.1200
'2016/05/24',81.1200,16675160.0000,79.1700,81.3100,79.0700
'2016/05/23',79.0000,7172888.0000,78.9500,79.5000,78.6000
'2016/05/20',78.7900,11037240.0000,79.0700,79.4500,78.3501
'2016/05/19',78.3200,8311218.0000,78.6500,79.2600,77.6000
'2016/05/18',79.0300,9070749.0000,78.7100,80.0000,78.4700
'2016/05/17',79.3500,10970500.0000,79.8300,80.2000,79.3100
'2016/05/16',79.2900,11637290.0000,77.8600,79.9300,77.5900
'2016/05/13',77.1600,10073650.0000,78.8250,79.1600,76.9700
'2016/05/12',79.1600,8773294.0000,80.0100,80.4500,78.3200
'2016/05/11',79.8000,11059650.0000,79.4300,80.4850,79.4100
'2016/05/10',79.7200,9315502.0000,79.7900,79.9800,79.1500
'2016/05/09',79.4100,11783380.0000,78.9400,79.9800,78.8900
'2016/05/06',79.2000,12852580.0000,78.3500,79.7200,78.2500
'2016/05/05',78.8300,27940170.0000,79.5200,79.9400,78.1000
'2016/05/04',75.8200,14289990.0000,75.6400,75.9100,75.0100
'2016/05/03',75.9100,8008683.0000,75.9600,76.2700,75.4250
'2016/05/02',76.6100,7715004.0000,76.8900,77.0000,75.9400
'2016/04/29',76.9400,10096800.0000,76.8100,77.2800,75.6600
'2016/04/28',76.4000,9948096.0000,77.6500,77.9000,76.0900
'2016/04/27',77.6500,11456400.0000,78.3000,78.6200,76.5700
'2016/04/26',78.6100,9576697.0000,78.8500,79.5600,77.8001
'2016/04/25',78.8400,9184890.0000,79.8000,79.8400,78.6800
'2016/04/22',79.8900,8628875.0000,80.1200,85.8900,79.1550
'2016/04/21',80.7800,8812676.0000,81.0800,81.7800,80.2000
'2016/04/20',81.2100,14900920.0000,79.0000,81.7350,78.9900
'2016/04/19',79.4600,14727460.0000,79.2000,80.4800,78.4700
'2016/04/18',79.0100,7761672.0000,78.5200,79.1200,77.7100
'2016/04/15',78.9700,11696030.0000,79.4500,79.7500,78.4600
